"ISO 3 Letter Code","SURVEYED COUNTRY","YEAR OF DATA","R_BOTH 
WHERE BOTH RANGER AND NON RANGER NUMBERS ARE LISTED
NUMBERS WHO ARE SPECIFICALLY IDENTIFIED AS RANGERS","NR_BOTH
  NUMBERS WHERE BOTH RANGER AND NON RANGER NUMBERS ARE LISTED
NUMBERS WHO ARE SPECIFICALLY IDENTIFIED AS NON RANGERS","R_ONLY
 NUMBERS WHERE ONLY RANGERS ARE LISTED (NON RANGER NUMBERS NOT PROVIDED)
NUMBERS WHO ARE SPECIFICALLY IDENTIFIED AS RANGERS","RNR_UND
NUMBERS PROVIDED AS AN UNDIFFERENTIATED TOTAL (COMBINED RANGERS AND NON RANGERS)","RNRT_1
TOTAL SURVEYED STAFF  (SUM D,E,F,G)","AREA OF PAs REPORTED  SURVEYED IN STAFF SURVEY SQ KM","AREA OF TERRESTRIAL PAS IN THE COUNTRY USED FOR CALCULATIONS (Higlighted IF DIFFERENT FROM WDPA)","TOTAL AREA OF TERRESTRIAL PAS IN THE COUNTRY in SQ KM (WDPA )","TOTAL TERRESTRIAL AREA OF  COUNTRY (WDPA)","RELIABILITY SCORE /25","UN CONT","UN SUBCONT","Forest_area_percent_total","Ecosystem Vitality Index (EVI New)","Species Protection Index (SPI.new )","EPI.new_2020","GDP_Per Capita","GDP_2019","GDP_growth","Unemployment_total","Rural_population_percentage","Adjusted net national income per capita","Population Density","PROPORTION IUCN CAT (I-IV)/(I-VI)","PROPORTION IUCN CAT (I-II)/(I-VI)","Notes"
"ABW","Aruba","2018",16,34,NA,NA,50,36,36,36,189,24,419,29,2.33333326048321,NA,NA,NA,29007.6930034887,NA,1.9999991044233,8.89999961853027,56.454,24399.6932501472,588.027777777778,NA,NA,"GDP_growth 2017; Unemployment_total 2011; Pop. density 2018; Income 2017; GDP_per.capita_2017; Forest%_2016"
"AFG","Afghanistan","2020",62,5,NA,NA,67,11481,23384,23384,642899,23,142,34,2.06782464846981,29.2,18,25.5,502.115486913067,19101353833,2.901228964,11.1836004257202,74.246,458.370737755325,56.937760009803,0.805189,0.737324,"Unemployment_total 2017; Pop. density 2018; Income 2018; Forest%_2016"
"AGO","Angola","2019",232,44,NA,NA,276,87507,87507,87507,1255218,25,2,17,46.3072104104837,35.9,66.6,29.7,2973.59115979868,94635415870,-0.86939379,7.3621997833252,33.823,1028.56471859024,24.7130520574316,0.997396,0.822886,"Unemployment_total 2011; Pop. density 2018; Income 2018; Forest%_2016"
"AIA","Anguilla","2020",0,3,NA,NA,3,10,10,10,86,17,419,29,NA,NA,NA,NA,NA,NA,NA,NA,NA,NA,167,NA,NA,"Source for pop. density (2020): https://www.worldometers.info/world-population/anguilla-population/"
"ALB","Albania","2017",111,163,NA,NA,274,4428,5344,5344,28747,21,150,39,28.1218970082972,52,92.2,49,5352.85741103671,15278077447,2.214063153,11.4654998779297,38.771,4201.07708408373,104.612262773723,0.796446,0.489449,"Pop. density 2018; Income 2018; Forest%_2016"
"ARE","United Arab Emirates","2019",390,5,NA,NA,395,13724,13724,13724,70921,18,142,145,4.55730785218402,55.9,80.3,55.6,43103.3230583165,4.21142e+11,1.677720371,2.22699999809265,13.211,39977.6915584674,135.609110109828,0.95564,0.025451,"Pop. density 2018; Income 2018; Forest%_2016"
"ARG","Argentina","2020",NA,NA,1043,NA,1043,156112,236109,236109,2785328,20,419,5,9.79840581825125,46.8,64.3,52.2,10006.1489736082,4.49663e+11,-2.16295212,9.84270000457764,8.009,9631.76369093399,16.2585100979651,0.310485,0.300624,"Pop. density 2018; Income 2018; Forest%_2016"
"ARM","Armenia","2014",759,625,NA,NA,1384,5160,7215,7215,29685,20,142,145,11.6684233300678,58.1,74.5,52.3,4622.73349328671,13672802158,7.6,18.9659004211426,36.781,3533.88353144239,103.680224798033,NA,NA,"Unemployment_total 2018; Pop. density 2018; Income 2018; Forest%_2016"
"ATG","Antigua and Barbuda","2020",0,6,NA,NA,6,96,96,96,455,17,419,29,22.2727277062156,43.8,NA,48.5,17790.309306815,1727759259,4.65040225,8.42000007629395,75.494,NA,218.831818181818,0.057143,0.04881,"Unemployment_total 2011; Pop. density 2018; Forest%_2016; SPI=censored"
"AUS","Australia","2019",4742,3483,NA,NA,8225,1414187,1570580,1570580,7722102,20,9,53,16.2582780595994,63.8,92.4,74.9,54907.1019101424,1.39268e+12,1.89682574,5.15999984741211,13.876,43345.8711026031,3.24787091037205,0.329868,0.306778,"Pop. density 2018; Income 2018; Forest%_2016"
"AUT","Austria","2020",179,177,NA,NA,356,2871,24414,24414,83912,20,150,155,46.9057128369164,74,81.2,79.6,50277.2750874213,4.46315e+11,1.612959328,4.48659992218018,41.485,42094.9970111155,107.127966860564,0.11038,0.003858,"Pop. density 2018; Income 2018; Forest%_2016"
"AZE","Azerbaijan","2014",312,216,NA,NA,528,3718,8798,8798,86640,19,142,145,14.0996733412023,55.7,77.3,46.5,4793.58701966989,48047647059,2.218704277,4.84999990463257,43.969,3298.41073543451,120.23431716463,1,0.510065,"Pop. density 2018; Income 2018; Forest%_2016"
"BDI","Burundi","2019",273,26,NA,NA,299,2066,2066,2066,27211,25,2,14,10.9267915149344,30.5,67.1,27,261.247472515742,3012334882,1.842476677,1.57169997692108,86.634,205.600481351323,435.178271028037,0.913374,0.907885,"Unemployment_total 2014; Pop. density 2018; Income 2018; Forest%_2016"
"BEL","Belgium","2020/2017",38,38,NA,NA,76,4124.3,4733,4733,30683,23,150,155,22.5838846385558,64.8,100,73.3,46116.69923368,5.29607e+11,1.404455201,5.35970020294189,1.959,38859.971074517,377.379590488771,0.147422,0,"Pop. density 2018; Income 2018; Forest%_2016"
"BEN","Benin","2020",492,18,NA,NA,510,12800,34415,34415,116095,22,2,11,37.7882227740334,36.4,87.6,30,1219.43267185875,14390709095,6.865687335,2.64650011062622,52.139,1007.97267878576,101.853919829727,0.000208,0.000208,"Unemployment_total 2011; Pop. density 2018; Income 2018; Forest%_2016"
"BFA","Burkina Faso","2019",777,56,NA,NA,833,41158,45403,45403,276404,25,2,11,19.335527029651,50.9,99.6,38.3,774.8396902346,15745810235,5.688598986,4.69490003585815,70.02,605.120341792894,72.1912828947368,0.994709,0.032947,"Unemployment_total 2018; Pop. density 2018; Income 2018; Forest%_2016"
"BGD","Bangladesh","2107",NA,NA,820,NA,820,6456,6456,6456,140160,19,142,34,10.9579782162869,52.2,52.2,29,1855.73982408046,3.02571e+11,8.152684947,4.37230014801025,62.595,1618.95996227485,1239.57931166936,0.996468,0.589179,"Unemployment_total 2017; Pop. density 2018; Income 2018; Forest%_2016"
"BGR","Bulgaria","2019",173,173,NA,NA,346,45503,45503,45503,110863,24,150,151,35.3739862856658,61.5,100,57,9737.60135083347,67927179737,3.371615546,4.22989988327026,24.653,8148.28832754398,64.7110998526161,0.588093,0.001452,"Pop. density 2018; Forest%_2016"
"BHS","Bahamas","2020",13,14,NA,NA,27,4930,4930,4930,13458,23,419,29,51.4485514485514,37,32.5,43.5,32933.4860147581,1.2827e+10,1.799255621,10,16.868,24321.4953367811,38.5254745254745,1,1,"Unemployment_total 2018; Pop. density 2018; Income 2018; Forest%_2016"
"BIH","Bosnia and Herzegovina","2014",73,90,NA,NA,163,862,1858,1858,51225,19,150,39,42.67578125,46.4,41.5,45.4,6073.26520283208,20047848435,2.582627866,15.692099571228,51.374,5176.74836067831,64.92048828125,0.904808,0.471826,"Pop. density 2018; Income 2018; Forest%_2016"
"BLZ","Belize","2018",178,81,NA,NA,259,3537.42,8372,8372,22298,22,419,13,59.6790894036335,43,95.2,41.9,4815.1637107951,1879613600,0.266552937,6.59549999237061,54.134,3612.14956208241,16.7939938623411,0.516155,0.254152,"Unemployment_total 2017; Pop. density 2018; Income 2018; Forest%_2016"
"BOL","Bolivia","2021",294,112,NA,NA,406,170348,336407,336407,1089909,23,419,5,50.2861626511585,49.8,90.3,44.3,3552.0687621416,40895322865,2.216707101,3.82170009613037,30.227,2735.04591397353,10.4801458506416,1,0,"Pop. density 2018; Income 2018; Forest%_2016"
"BRA","Brazil","2018",1501,191,NA,NA,1692,804933,2584808,2584808,8529399,21,419,5,58.9310540383387,52.2,86.5,51.2,8717.18627810819,1.83976e+12,1.136585572,11.9333000183105,13.176,7483.43466888086,25.0617162430876,0.325246,0.317082,"Pop. density 2018; Income 2018; Forest%_2016"
"BTN","Bhutan","2021",334,69,NA,NA,403,16407,19835,19835,39933,25,142,34,72.484536714606,45.7,98.3,39.3,3243.23112593497,NA,3.02764071925384,2.45000004768372,58.388,2640.83776498574,19.7775277714448,0.849674,0.696879,"GDP_growth 2018; Unemployment_total 2015; Pop. density 2018; Income 2018; GDP_per.capita_2018; Forest%_2016"
"BWA","Botswana","2010 + 2014",371,1381,NA,NA,1752,62417,169370,169370,581163,15,2,18,18.9469408795855,53.8,93.4,40.4,7961.33814014048,18340510789,2.966135933,17.8600006103516,29.828,5852.25713787499,3.97742487604327,1,0.98346,"Unemployment_total 2010; Pop. density 2018; Income 2018; Forest%_2016"
"CAF","Central African Republic","2012",278,18,NA,NA,296,70145,112827,112827,624568,17,2,17,35.5619769344521,53.5,91.7,36.9,467.907440636335,2220307369,2.970275648,NA,58.23,435.555329117596,7.49041221227006,0.963076,0.264444,"Pop. density 2018; Forest%_2016"
"CAN","Canada","2013-2020",9293,1931,NA,NA,11224,968182,1185787,1185787,9955033,15,21,21,38.161546668998,57.3,98.2,71,46194.7252255167,1.73643e+12,1.656040854,5.66260004043579,18.518,37653.2813630371,4.07518823864492,0.961631,0.926433,"Pop. density 2018; Income 2018; Forest%_2016"
"CHE","Switzerland","2020",NA,NA,0,259,259,4750,4946,4946,41355,21,150,155,31.8301452005265,72.5,100,81.5,81993.7271494202,7.03082e+11,0.92883244,4.39410018920898,26.151,65569.265981801,215.465350480429,1,0.003728,"Pop. density 2018; Income 2018; Forest%_2016"
"CHL","Chile","2020",399,112,NA,NA,511,158788,158788,158788,759821,24,419,5,24.2569250862385,49.8,53.1,55.3,14896.4538665789,2.82318e+11,1.054442551,7.29029989242554,12.357,11844.5617786525,25.1894460666519,1,0.7788,"Pop. density 2018; Income 2018; Forest%_2016"
"CHN","China","2016",13000,32000,NA,NA,45000,1461913,1461913,1461913,9361609,20,142,30,22.3539418057329,34.4,10.4,37.3,10261.6791283744,1.43429e+13,6.108560627,5.15000009536743,39.692,7709.67155877119,148.348833270666,0.750751,0.731862,"Pop. density 2018; Income 2018; Forest%_2016"
"CIV","Cote d'Ivoire","2019",405,79,NA,NA,484,21067,74419,74419,324108,21,2,11,32.7062880797956,30.1,95.1,25.8,2286.162776855,58792205642,6.852334587,3.27250003814697,48.761,1902.84171935227,78.8340534591195,0.934368,0.850476,"Unemployment_total 2017; Pop. density 2018; Income 2016; Forest%_2016"
"CMR","Cameroon","2012",776,76,NA,NA,852,38250,51538,51538,469428,17,2,17,39.3391296989698,46.9,59.4,33.6,1497.90917560296,38760467033,4.017216043,3.53379988670349,43.032,1212.50151730117,53.3439889149796,1,0.859317,"Unemployment_total 2014; Pop. density 2018; Income 2018; Forest%_2016"
"COD","Congo, Dem. Rep.","2012",NA,NA,0,3671,3671,264157,324290,324290,2344275,18,2,17,67.165079618888,45.7,86.2,36.4,545.216212311342,47319624204,4.384528881,4.48519992828369,54.954,401.999126816817,37.0825923557045,0.515278,0.515278,"Unemployment_total 2012; Pop. density 2018; Income 2018; Forest%_2016"
"COG","Congo, Rep.","2014",303,300,NA,NA,603,39924,126472,126472,343737,16,2,17,65.3546108620059,39.2,88.4,30.8,2011.07239887663,10820591131,-0.9,10,32.627,578.944087149238,15.3568462664715,0.999405,0.345895,"Unemployment_total 2012; Income 2018; Forest%_2016"
"COL","Colombia","2019",1006,96,NA,NA,1102,178534,193618,193618,1145033,25,419,5,52.7039382886435,51.6,69.3,52.9,6432.38758339551,3.23803e+11,3.322212789,9.96140003204346,18.896,5134.25731882059,44.7487021180712,0.799528,0.795462,"Pop. density 2018; Income 2018; Forest%_2016"
"CPV","Cabo Verde","2014",NA,NA,0,31,31,120,120,120,4149,19,2,11,22.545905858648,34.5,NA,32.8,3603.7817936777,1981845741,5.66775246,11.289999961853,33.805,2827.993061768,134.929776674938,0,NA,"Pop. density 2018; Income 2018; Forest%_2016; SPI=censored"
"CRI","Costa Rica","2018",409,72,NA,NA,481,12885,14673,14673,51636,22,419,13,54.5671749152346,47.2,88.5,52.5,12238.3749643984,61773944174,2.083859938,11.4905996322632,19.924,10783.8396374415,97.9130630630631,0.531165,0.338023,"Pop. density 2018; Income 2018; Forest%_2016"
"CUB","Cuba","2020",2070,600,NA,NA,2670,14494,18119,18119,111643,20,419,29,31.2786012080009,47,45,48.4,8821.81889125004,NA,2.24848039303581,1.70000004768372,22.891,6928.87038108555,108.999596231494,0.542157,0.355948,"GDP_growth 2018; Unemployment_total 2018; Pop. density 2018; Income 2016; GDP_per.capita_2018; Forest%_2016"
"CYM","Cayman Islands","2020",11,2,NA,NA,13,31,31,31,289,23,419,29,52.9166658719379,NA,NA,NA,85477.2870130687,NA,3.27557324673195,4.23999977111816,0,NA,267.391666666667,1,0.786667,"GDP_growth 2018; Unemployment_total 2015; Pop. density 2018; GDP_per.capita_2018; Forest%_2016"
"CZE","Czechia","2018",682,115,NA,NA,797,12997,17268,17268,77917,24,150,151,34.5635845635846,72.9,100,71,23101.7777049854,2.46489e+11,2.565931233,2.01430010795593,26.079,14972.1126913926,137.657705257705,0.027575,0.000249,"Pop. density 2018; Income 2017; Forest%_2016"
"DEU","Germany","2020",NA,NA,0,2350,2350,81248,135166,135166,357584,19,150,155,32.6912067781085,68.9,99.9,77.2,46258.8782897052,3.84563e+12,0.564174893,3.13910007476807,22.624,40284.9609089805,237.30759674834,0.027065,0.001378,"Pop. density 2018; Income 2018; Forest%_2016"
"DMA","Dominica","2020",36,8,NA,NA,44,168,168,168,766,24,419,29,57.413335164388,43.1,NA,44.6,8300.37507427213,596033333.3,5.663680185,10.960000038147,29.214,5567.53356448392,95.5,0.412289,0.379584,"Unemployment_total 2001; Pop. density 2018; Income 2018; Forest%_2016; SPI=censored"
"DNK","Denmark","2019",NA,NA,0,67,67,2492,7691,7691,45314,16,150,154,14.6992134008841,76.4,100,82.5,59822.0929608968,3.48078e+11,2.365846456,5.0177001953125,12.006,52641.1345237896,137.976565849012,0.668262,0.005942,"Pop. density 2018; Income 2018; Forest%_2016"
"DOM","Dominican Republic","2021",1050,72,NA,NA,1122,12727,12727,12727,48510,25,419,29,41.7346295005564,53.2,87.2,46.3,8282.1162218645,88941298258,5.087176037,6.35599994659424,18.172,7197.23241335064,219.97857586421,0.843624,0.753631,"Pop. density 2018; Income 2018; Forest%_2016"
"DZA","Algeria","2018",207,372,NA,NA,579,88930,107865,107865,2324459,21,2,15,0.824439265237154,41,47.3,44.8,3948.34327892571,1.69988e+11,0.8,13.5699996948242,26.811,3098.85173284358,17.7300750711665,1,1,"Unemployment_total 2017; Pop. density 2018; Income 2018; Forest%_2016"
"ECU","Ecuador","2020",NA,NA,831,NA,831,52676,57706,57706,258139,19,419,5,50.2059526116323,51.5,66.1,51,6183.82382482173,1.07436e+11,0.053718829,3.81209993362427,36.014,4626.43676023861,68.7886817522951,1,1,"Pop. density 2018; Income 2018; Forest%_2016"
"EGY","Egypt","2017",692,120,NA,NA,812,129390,129390,129390,984997,21,2,15,0.0739364091356885,49.7,65.1,43.3,3020.03134971543,3.03175e+11,5.557683888,9.81729984283447,57.27,2216.49061461786,98.8734692852479,0.160821,0.069612,"Unemployment_total 2018; Pop. density 2018; Income 2018; Forest%_2016"
"ESP","Spain","2016-8",619,1378,NA,NA,1997,44328,142573,142573,507013,18,150,39,36.9362095289658,66,98.1,74.3,29613.6711379783,1.39412e+12,1.979100561,14.1042003631592,19.435,25698.3391481211,93.6771974435832,0.535272,0.397952,"Pop. density 2018; Income 2018; Forest%_2016"
"EST","Estonia","2014",NA,NA,0,513,513,8175,9633,9633,45416,16,150,154,51.3365561917702,60.1,100,65.3,23659.8722900339,31386949981,4.334487473,4.44820022583008,30.949,19214.4895570302,30.4112491373361,0.051919,0,"Pop. density 2018; Income 2018; Forest%_2016"
"ETH","Ethiopia","2019",1005,164,NA,NA,1169,178725,178725,178725,1135429,23,2,14,12.539599609375,40.6,81,34.4,857.501351042922,96107662398,8.281361047,2.25090003013611,78.775,561.981561865175,109.224559,0.586074,0.481994,"Unemployment_total 2013; Pop. density 2018; Income 2018; Forest%_2016"
"FIN","Finland","2017",100,332,NA,NA,432,35309,44914,44914,337726,22,150,154,73.1071698858215,65.3,99.6,78.9,48685.8539866945,2.68761e+11,0.97958181,6.69469976425171,14.554,41000.9548123646,18.1485472672831,0.979201,0.586086,"Pop. density 2018; Income 2018; Forest%_2016"
"FRA","France","2017",1673,1838,NA,NA,3511,149747,149774,149774,548954,16,150,155,31.2332784422626,72.3,100,80,40493.9285720456,2.71552e+12,1.508594035,8.44340038299561,19.291,34835.0121510307,122.299437237519,0.020541,0.006753,"Pop. density 2018; Income 2018; Forest%_2016"
"GAB","Gabon","2014",324,250,NA,NA,574,34595,59708,59708,266045,16,2,17,90.03764504987,57.8,90.6,45.8,7667.36686126914,16657960228,3.394110152,20.3899993896484,10.259,5205.09943218893,8.22476423332169,1,0,"Unemployment_total 2010; Pop. density 2018; Income 2018; Forest%_2016"
"GBR","United Kingdom","2020",3760,530,NA,NA,4290,70478,70478,70478,245248,21,150,154,13.0657628239573,74.3,100,81.3,42300.267125825,2.82711e+12,1.408642101,3.73720002174377,16.348,35825.1122744202,274.708981936924,0.092977,0.001956,"Pop. density 2018; Income 2018; Forest%_2016"
"GEO","Georgia","2014",313,96,NA,NA,409,6501,6501,6501,69972,23,142,145,40.6159145538027,43.1,75.8,41.3,4769.18654326351,17743195770,5.136813264,11.565299987793,40.961,4014.09043156679,65.0477623429791,0.949039,0.831891,"Income 2018; Forest%_2016"
"GHA","Ghana","2019",710,87,NA,NA,797,14840,36675,36675,240330,22,2,11,41.1593583133735,32.6,88.9,27.6,2202.11556738065,66983634224,6.478394805,4.22279977798462,43.293,1461.73735287303,130.821429199262,0.679883,0.307608,"Unemployment_total 2017; Pop. density 2018; Income 2018; Forest%_2016"
"GIN","Guinea","2020",137,106,NA,NA,243,30000,88286,88286,246427,22,2,11,25.7528894676868,31.5,71.6,26.4,1064.13123736656,13590281809,5.576968903,4.54879999160767,63.5,709.085665538101,50.5222122741332,1,0.002247,"Unemployment_total 2002; Pop. density 2018; Income 2018; Forest%_2016"
"GLP","Guadeloupe","2020",28,40,NA,NA,68,1172,1172,1172,1679,23,419,29,NA,NA,NA,NA,NA,NA,NA,NA,NA,NA,237,1,0,"Source for pop. density (2020): https://www.worldometers.info/world-population/guadeloupe-population/"
"GMB","Gambia","2017",180,25,NA,NA,205,660,830,830,10758,21,2,11,48.3794472434304,32.1,48.3,27.9,751.294688388742,1763819048,5.975204332,10.1648998260498,38.069,582.331772251228,225.30652173913,0.427339,0.427339,"Unemployment_total 2018; Pop. density 2018; Income 2018; Forest%_2016"
"GNB","Guinea-Bissau","2018",56,39,NA,NA,95,8480,8954,8954,34016,23,2,11,69.7724039829303,38.4,73.3,29.1,697.784402885715,1340389411,4.600094045,NA,56.223,696.184029122813,66.6539473684211,NA,NA,"Pop. density 2018; Income 2018; Forest%_2016"
"GNQ","Equatorial Guinea","2020",40,13,NA,NA,53,5228,5228,5228,27136,24,2,17,55.4866318864192,45.1,75.6,38.1,8131.92388810912,11026774945,-5.57630845,25,27.373,3881.81905984427,46.6657397504456,1,0.82479,"Unemployment_total 1983; Pop. density 2018; Income 2018; Forest%_2016"
"GRL","Greenland","2012",NA,NA,13,NA,13,885525,885525,885525,2154016,14,21,21,0.000535997073475227,NA,NA,NA,54470.9563864255,NA,3.21802733064499,9.10000038146973,12.948,NA,0.136491655500061,1,0.999436,"GDP_growth 2018, Unemployment_total 2015; Pop. density 2018; GDP_per.capita_2018; Forest%_2016"
"GTM","Guatemala","2018",727,386,NA,NA,1113,13716,22166,22166,109922,21,419,13,32.6950363723054,32.5,56.8,31.8,4619.98709708493,76710385880,3.845997853,2.46199989318848,48.561,3741.49825290508,152.547125793206,0.912234,0.691905,"Unemployment_total 2017; Pop. density 2018; Income 2018; Forest%_2016"
"GUF","French Guiana","2020",12,80,NA,NA,92,34000,43588,43588,83035,22,419,5,NA,NA,NA,NA,NA,NA,NA,NA,38.103,NA,4,0.549082,0.498516,"Source for pop. density (2020): https://www.worldometers.info/world-population/french-guiana-population/"
"GUY","Guyana","2020",41,62,NA,NA,103,17953,17953,17953,211200,25,419,5,83.9014478028956,37.5,57.8,35.9,5468.35662903592,4280443645,4.695891722,14.0190000534058,73.311,4048.1238294829,3.95734823469647,0,0,"Unemployment_total 2018; Pop. density 2018; Income 2018; Forest%_2016"
"HND","Honduras","2018",48,64,NA,NA,112,21923,26568,26568,113291,21,419,13,39.967825542944,40.7,75.2,37.8,2574.91219067443,25095395475,2.65276116,5.6975998878479,42.27,2141.25089204779,85.6870319063366,0.412869,0.355887,"Pop. density 2018; Income 2018; Forest%_2016"
"HRV","Croatia","2020",193,381,NA,NA,574,21811,21811,21811,56856,24,150,39,34.3531098001083,64.3,100,63.1,14853.2398374635,60415553039,2.93606564,6.61660003662109,42.758,12588.0122395844,73.0493745532523,0,NA,"Pop. density 2018; Income 2018; Forest%_2016"
"HTI","Haiti","2020",109,55,NA,NA,164,1954,2357,2357,27390,20,419,29,3.49056592700443,30.5,31.1,27,754.58791774842,8498981821,-0.93487001,14.1000003814697,43.808,805.294210104653,403.59854862119,0.45776,0.247403,"Unemployment_total 2012; Pop. density 2018; Income 2018; Forest%_2016"
"HUN","Hungary","2014",253,558,NA,NA,811,8074,21048,21048,93142,18,150,151,22.9051154054595,70,100,63.7,16475.7418389402,1.60967e+11,4.927792275,3.41910004615784,28.356,12895.6609219924,107.981486799956,0.08301,0.01867,"Pop. density 2018; Income 2018; Forest%_2016"
"IDN","Indonesia","2019",2197,4427,NA,NA,6624,141425,231946,231946,1906555,22,142,35,49.8603981974199,43.7,71.7,37.8,4135.56926281554,1.11919e+12,5.024714022,3.62100005149841,44.015,2998.69009203995,147.75219008926,0.864967,0.721491,"Pop. density 2018; Income 2018; Forest%_2016"
"IND","India","2018-2020",42362,10418,NA,NA,52780,160415,230168,230168,3061193,18,142,34,23.833121474746,35.2,63,27.6,2104.14590003333,2.87514e+12,5.023873428,5.32969999313354,65.528,1735.32939728826,454.938072575247,0.929795,0.188436,"Unemployment_total 2018; Pop. density 2018; Income 2018; Forest%_2016"
"IRL","Ireland","2020",90,330,NA,NA,420,10123,10123,10123,70128,25,150,154,11.0277255364644,58.6,98.4,72.8,78660.9564629603,3.88699e+11,5.549767053,4.94920015335083,36.595,42176.7767727195,70.6534475250399,1,0,"Pop. density 2018; Income 2018; Forest%_2016"
"IRN","Iran (Islamic Republic of)","2020",3500,3500,NA,NA,7000,113584,140226,140226,1627857,19,142,34,6.56449106605639,47.8,62.6,48,5520.31078932382,NA,3.75518736694957,11.1400003433228,24.609,4352.30698580842,50.222420123284,0.429547,0.074983,"GDP_growth 2017; Pop. density 2018; Income 2017; GDP_per.capita_2017; Forest%_2016"
"ISL","Iceland","2020",63,31,NA,NA,94,20154,20354,20354,102302,20,150,154,0.503740648379052,55,92.8,72.3,66944.8255080349,24188035739,1.918676882,3.50740003585815,6.145,58080.2949925939,3.51841396508728,0.561489,0.431655,"Pop. density 2018; Income 2018; Forest%_2016"
"ISR","Israel","2020",178,1122,NA,NA,1300,4494,5133,5133,20958,24,142,145,7.72643239132357,54,79.6,65.8,43641.3977358108,3.95099e+11,3.514084546,3.80299997329712,7.499,36155.1950600599,410.480591497227,1,0,"Pop. density 2018; Income 2018; Forest%_2016"
"ITA","Italy","2018",2181,5753,NA,NA,7934,31744,64767,64767,301335,24,150,39,31.7903032728888,61.3,94.9,71,33189.5657988542,2.00124e+12,0.301256161,9.95139980316162,29.264,28832.1420570298,205.418372203713,0.77488,0.497011,"Pop. density 2018; Income 2018; Forest%_2016"
"JAM","Jamaica","2020",39,32,NA,NA,71,1155,1760,1760,56856,25,419,29,30.9159748221809,50,80.7,48.2,5582.26377755211,16458071068,0.7,7.71500015258789,44.015,4690.17762821475,270.993074792244,0.001902,0,"Pop. density 2018; Income 2018; Forest%_2016"
"JOR","Jordan","2021",NA,NA,81,NA,81,2798,4013,4013,89690,25,142,145,1.09822031989187,49.9,38.7,53.4,4330.32934593257,43743661972,2,16.8500003814697,8.797,3863.09151572143,112.14249831043,1,0.832236,"Pop. density 2018; Income 2018; Forest%_2016"
"JPN","Japan","2019",NA,NA,260,NA,260,15165,109937,109937,374093,15,142,30,68.4562222696538,65.1,69.1,75.1,40246.8801284164,5.08177e+12,0.65415165,2.40000009536743,8.30200000000001,31889.5125294471,347.073458415624,0.246721,0.085743,"Pop. density 2018; Income 2018; Forest%_2016"
"KAZ","Kazakhstan","2020",2227,1742,NA,NA,3969,72782,272795,272795,2719828,22,142,143,1.22569174352706,47.3,80.3,44.7,9731.14520688729,1.80162e+11,4.5,4.80000019073486,42.46,6369.84562477643,6.76982572137645,0.39325,0.184738,"Pop. density 2018; Income 2018; Forest%_2016"
"KEN","Kenya","2017/2019",4566,2744,NA,NA,7310,68874,72890,72890,586770,19,2,14,7.81811170829014,40.6,84.1,34.7,1816.5469164389,95503088538,5.365748965,2.75740003585815,72.493,1406.61667270003,90.2994166637383,0.787128,0.785749,"Unemployment_total 2016; Pop. density 2018; Income 2018; Forest%_2016"
"KGZ","Kyrgyz Republic","2020",269,108,NA,NA,377,11311,13408,13408,199957,18,142,143,3.27945776850886,43.8,55.1,39.8,1309.39299165512,8454619608,4.507138923,4.53709983825684,63.409,1006.93562920704,32.9655891553702,1,0.451724,"Unemployment_total 2018; Pop. density 2018; Income 2018; Forest%_2016"
"KHM","Cambodia","2020",1170,173,NA,NA,1343,55634,72527,72527,182511,23,142,35,52.852932298748,35.6,94.2,33.6,1643.12138876475,27089389787,7.054106932,0.141299992799759,76.195,1185.6778502788,92.0564128710628,0.736499,0.242809,"Unemployment_total 2017; Pop. density 2018; Income 2018; Forest%_2016"
"KNA","Saint Kitts and Nevis","2017",NA,NA,5,NA,5,62,62,62,271,16,419,29,42.3076923076923,NA,NA,NA,19896.4957043824,1050992593,2.504709007,5.11999988555908,69.201,NA,201.696153846154,1,1,"Unemployment_total 2001; Pop. density 2018; Forest%_2016"
"KOR","Korea, Rep.","2020",455,1643,NA,NA,2098,6726,16917,16917,99713,23,142,30,63.3548364929779,56.6,90.1,66.5,31761.9776923447,1.64238e+12,2.033150971,3.74589991569519,18.57,26856.1947404598,529.358501289308,0.601229,0.093102,"Pop. density 2018; Income 2018; Forest%_2016"
"KOS","Kosovo","2012",21,22,NA,NA,43,1160,1189,1189,10887,22,150,39,NA,NA,NA,NA,4417.50993975428,7926108374,4.171659654,25.5562000274658,NA,NA,164.508404519151,NA,NA,"Pop. density 2017"
"LAO","Lao PDR","2020",393,170,NA,NA,563,41118,43220,43220,231276,22,142,35,82.1082325741984,39.9,83.3,34.8,2534.89827724281,18173839128,4.651887119,9.4060001373291,64.355,1854.91074566654,30.5957842287695,0.271033,0.239398,"Unemployment_total 2017; Pop. density 2018; Income 2018; Forest%_2016"
"LBN","Lebanon","2021",25,75,NA,NA,100,225,225,225,10329,20,142,145,13.4291304870785,40.3,25.7,45.4,7784.31685692975,53367042272.1725,-5.6371706405001,6.3549919128418,11.242,6399.60300692974,669.494134897361,1,1,"Unemployment_total 2009; Pop. density 2018; Income 2018; Forest%_2016"
"LBR","Liberia","2020",167,13,NA,NA,180,3915,3916,3916,96634,21,2,11,43.0751661129568,23.6,53.7,22.6,621.892953622715,3070518100,-2.27824513,3.08060002326965,48.385,434.839343199258,50.0309073920266,NA,NA,"Unemployment_total 2016; Pop. density 2018; Income 2018; Forest%_2016"
"LBY","Libya","2017",95,73,NA,NA,168,2084,2084,2084,1622615,22,2,15,0.123327687918433,NA,NA,NA,7683.75061122959,52076250948,2.535953478,19.0300006866455,19.607,6637.25910273699,3.79563238119054,1,0.9904,"Unemployment_total 2012; Pop. density 2018; Income 2018; Forest%_2016"
"LCA","Saint Lucia","2019",25,19,NA,NA,44,117,117,117,622,22,419,29,33.1803274936364,40,NA,43.1,11611.4154473966,2122450630,1.728838432,15.5860996246338,81.246,9254.08868290826,298.17868852459,0.93246,0.93246,"Pop. density 2018; Income 2018; Forest%_2016; SPI=censored"
"LKA","Sri Lanka","2020",943,258,NA,NA,1201,17670,19897,19897,66632,23,142,34,32.9038415299593,36.9,70.9,39,3853.08369288942,84008783756,2.283465301,4.78999996185303,81.415,3670.7593648522,345.558922022006,1,0.87668,"Pop. density 2018; Income 2018; Forest%_2016"
"LSO","Lesotho","2017",48,9,NA,NA,57,153,153,153,30495,17,2,18,1.64690382081686,38.8,26.2,28,1157.53516433147,2460072444,1.516001439,24.5799999237061,71.415,1155.01537546416,69.437812911726,1,0,"Unemployment_total 2013; Pop. density 2018; Income 2018; Forest%_2016"
"LTU","Lithuania","2014",31,255,NA,NA,286,5160,11028,11028,64697,17,150,154,34.8328586566054,62.7,100,62.9,19455.4541266341,54219315600,3.930407976,6.25519990921021,32.145,16133.0603567587,44.7230757742448,0.223542,0.052385,"Pop. density 2018; Income 2018; Forest%_2016"
"LVA","Latvia","2017",50,69,NA,NA,119,11735,11735,11735,64502,22,150,154,53.9787697385614,64,100,61.6,17836.3648865958,34117202555,2.197441768,6.31209993362427,31.778,13744.8993553751,30.9934705693149,0.009883,0.000656,"Pop. density 2018; Income 2018; Forest%_2016"
"MAR","Morocco","2017",62,106,NA,NA,168,4592,17382,17382,407280,18,2,15,12.6013892000896,48.3,95.7,42.3,3204.09500313298,1.18725e+11,2.3,9.30000019073486,37.006,2792.13264153048,80.7285189334528,0.995605,0.995605,"Unemployment_total 2016; Pop. density 2018; Income 2018; Forest%_2016"
"MDA","Moldova","2014",446,324,NA,NA,770,1930,3882,3882,33964,18,150,151,12.575251021694,43.6,2.5,44.4,4498.52085021233,11955435457,3.456278122,5.09899997711182,57.274,3876.12111297648,94.018880412443,0.503092,0.405477,"Income 2018; Forest%_2016"
"MDG","Madagascar","2019",690,677,NA,NA,1367,26267,44521,44521,594719,19,2,14,21.4111378480578,29.4,48.6,26.5,522.21980923047,14083906357,4.8,1.78519999980927,62.139,442.958062692618,45.1398556204881,0.623032,0.439888,"Unemployment_total 2015; Pop. density 2018; Income 2018; Forest%_2016"
"MEX","Mexico","2020",655,567,NA,NA,1222,170992,284801,284801,1965285,22,419,13,33.9249458255099,55.9,51.8,52.6,9863.0726988757,1.25829e+12,-0.14560232,3.48280000686646,19.556,7447.23892344743,64.9146264050001,0.08508,0.084152,"Pop. density 2018; Income 2018; Forest%_2016"
"MKD","North Macedonia","2020",75,136,NA,NA,211,1941,2688,2688,25443,21,150,39,39.5717684377478,63.2,93.3,55.4,6093.14769049676,12694823394,3.550583873,17.2574005126953,41.792,4653.82167986588,82.5915146708961,0.859691,0.649259,"Pop. density 2018; Income 2018; Forest%_2016"
"MLI","Mali","2009/2020",NA,NA,124,NA,124,39180,94591,94591,1256684,15,2,11,3.79940828887304,36,84.6,29.4,890.737285506382,17510141171,5.040000002,1.61989998817444,56.864,738.231712869656,15.635015858186,0.868664,0.041796,"Unemployment_total 2018; Pop. density 2018; Income 2018; Forest%_2016"
"MMR","Myanmar","2010",400,143,NA,NA,543,39084,44289,44289,673079,17,142,35,43.6311012576943,25.4,69.3,25.1,1407.81314341043,76085852617,2.887960733,0.503400027751923,69.148,1242.44020328615,82.2386154835549,1,0.254465,"Pop. density 2018; Income 2018; Forest%_2016"
"MNE","Montenegro","2013",38,61,NA,NA,99,542,1908,1908,13848,15,150,39,61.4869888475836,46.1,5.5,46.3,8832.03683598629,5494736901,3.620808341,15.1229000091553,32.85,7717.7598812142,46.2622304832714,0.465791,0.433518,"Pop. density 2018; Income 2018; Forest%_2016"
"MNG","Mongolia","2019",390,165,NA,NA,555,267000,310016,310016,1565864,23,142,30,8.01740488378305,35.3,97.9,32.2,4295.23502487944,13852850259,5.099167896,10.0271997451782,31.457,2553.4423325542,2.04060866654651,1,0.869783,"Pop. density 2018; Income 2018; Forest%_2016"
"MOZ","Mozambique","2016",NA,NA,652,NA,652,69583,233249,233249,791082,19,2,14,47.9839283329942,37.8,80.2,33.9,491.804723063735,14934159926,2.223877655,3.42639994621277,63.472,438.110534802113,37.508535313716,0.169829,0.151011,"Unemployment_total 2015; Pop. density 2018; Income 2018; Forest%_2016"
"MRT","Mauritania","2008 + 2016",35,113,NA,NA,148,6269,6508,6508,1046303,16,2,11,0.21441738624236,32.8,1.4,27.7,1677.91925268633,7593752450,5.930510885,10.3359003067017,45.493,1345.69111097722,4.27216357815077,1,1,"Pop. density 2018; Income 2018; Forest%_2016"
"MSR","Montserrat","2020",4,2,NA,NA,6,11,11,11,101,20,419,29,NA,NA,NA,NA,NA,NA,NA,NA,NA,NA,50,NA,NA,"Source for pop. density (2020): https://www.worldometers.info/world-population/montserrat-population/"
"MWI","Malawi","2017",872,296,NA,NA,1168,24209,27190,27190,118860,24,2,14,33.1883750530335,46.2,89.2,38.3,411.552340423602,7666704427,4.369238986,28.6665000915527,82.826,296.722222950382,192.440761561307,1,0.643037,"Unemployment_total 2017; Pop. density 2018; Income 2018; Forest%_2016"
"MYS","Malaysia","2012-2018",958,1811,NA,NA,2769,19761,44205,44205,331701,15,142,35,67.5976235542535,42.9,61.7,47.9,11414.8376618668,3.64702e+11,4.330218416,3.30999994277954,23.393,8180.05195133283,95.9628214883579,0.811953,0.7987,"Pop. density 2018; Income 2018; Forest%_2016"
"NAM","Namibia","2017",358,28,NA,NA,386,129210,313534,313534,827465,18,2,18,8.31395960680623,52,94.4,40.2,4957.4580058497,12366527719,-1.13409795,19.8770008087158,48.958,4598.59406509694,2.97374558175127,0.986389,0.986157,"Unemployment_total 2018; Pop. density 2018; Income 2018; Forest%_2016"
"NER","Niger","2010/2016",68,45,NA,NA,113,184162,216586,216586,1190099,18,2,11,0.891765986883982,39.9,92.6,30.8,554.600968697425,12928145120,5.828590084,7.76889991760254,83.483,500.717008084981,17.7176505881424,1,2.1e-05,"Unemployment_total 2017; Pop. density 2018; Income 2018; Forest%_2016"
"NGA","Nigeria","2017",1908,74,NA,NA,1982,37917,127332,127332,914306,16,2,11,7.22838905798802,42.4,89,31,2229.85869624463,4.4812e+11,2.208429277,8.5310001373291,48.843,1586.94808869186,215.064988965381,1,0.734888,"Pop. density 2018; Income 2018; Forest%_2016"
"NIC","Nicaragua","2020",NA,NA,369,NA,369,27585,27585,27585,129222,19,419,13,25.8766827322586,38.6,89.5,39.2,1912.90374537869,12520915291,-3.8785099,5.19999980926514,41.24,1725.35884472562,53.7270483629716,0.988764,0.306151,"Unemployment_total 2018; Pop. density 2018; Income 2018; Forest%_2016"
"NLD","Netherlands","2020",101,1159,NA,NA,1260,2730,7914,7914,35206,20,150,155,11.1783913951771,64.8,94.1,75.3,52447.8314391911,9.0907e+11,1.810503082,3.3798999786377,8.124,44689.5740690197,511.475927574948,1,0.990665,"Pop. density 2018; Income 2018; Forest%_2016"
"NOR","Norway","2020",97,86,NA,NA,183,56574,57272,57272,325288,25,150,154,33.1778599014523,63.8,86.7,77.7,75419.6348688089,4.03336e+11,1.154721939,3.68720006942749,17.384,66019.0729425132,14.5482916341657,0.785908,0.70012,"Pop. density 2018; Income 2018; Forest%_2016"
"NPL","Nepal","2019",1030,879,NA,NA,1909,34898,34898,34898,147710,25,142,34,25.364492500872,40.5,84.2,32.7,1071.05076056552,30641380604,6.991212438,11.3554000854492,79.847,919.106999785744,195.939107080572,0.298245,0.267744,"Unemployment_total 2017; Pop. density 2018; Income 2018; Forest%_2016"
"NZL","New Zealand","2020",1042,467,NA,NA,1509,85804,90051,90051,269652,25,9,53,38.5560753306464,60.2,81.1,71.3,42084.3533748088,2.06929e+11,2.170978389,4.07100009918213,13.385,34056.9006796497,18.3851733697923,0.668563,0.174592,"Pop. density 2018; Income 2018; Forest%_2016"
"PAK","Pakistan","2020",2010,168,NA,NA,2178,48745,98288,98288,798144,21,142,34,1.85372561228726,45.3,62,33.1,1284.70204090039,2.78222e+11,0.98882944,4.08319997787476,63.093,1468.73079504901,275.289318700706,0.969358,0.243258,"Unemployment_total 2018; Pop. density 2018; Income 2018; Forest%_2016"
"PAN","Panama","2020",274,68,NA,NA,342,15773,24111,24111,75498,24,419,13,61.8859308266915,45.2,78.9,47.3,15731.0160348471,66800800000,3.006389295,4.73920011520386,31.941,13259.6029547338,56.1860774818402,0.425048,0.366243,"Pop. density 2018; Income 2018; Forest%_2016"
"PER","Peru","2020",710,213,NA,NA,923,226469,280941,280941,1298537,23,419,5,57.6604675292969,43.2,67.9,44,6977.69578355382,2.26848e+11,2.150131391,3.02990007400513,21.901,5520.04900171973,24.99160625,0.485189,0.465368,"Pop. density 2018; Income 2018; Forest%_2016"
"PHL","Philippines","2020",866,658,NA,NA,1524,47412,47412,47412,298775,25,142,35,27.7693932991247,41.4,74.2,38.4,3485.08421836621,3.76796e+11,6.040575257,2.23729991912842,52.851,3246.38162894732,357.688305329175,0.567738,0.283168,"Pop. density 2018; Income 2018; Forest%_2016"
"PNG","Papua New Guinea","2020",260,30,NA,NA,290,17248,17248,17248,467406,21,9,54,74.0983951303935,35.1,25.4,32.4,2845.18018574842,24969611435,5.623797977,2.61999988555908,86.75,2028.05253077751,19.0043633794109,0,0,"Unemployment_total 2011; Pop. density 2018; Income 2018; Forest%_2016"
"POL","Poland","2020",101,1449,NA,NA,1550,13996,123339,123339,311924,20,150,151,30.8834390258091,62.3,100,60.9,15595.2270334259,5.92164e+11,4.147023756,3.27729988098145,39.963,12954.1265465092,124.023482151605,0.010466,0.00061,"Pop. density 2018; Income 2018; Forest%_2016"
"PRT","Portugal","2020",330,977,NA,NA,1307,21112,21112,21112,92141,24,150,39,34.6114238253689,56.1,94.1,67,23145.0408172828,2.37686e+11,2.164403593,6.46299982070923,34.236,18783.9804135535,112.2619412173,0.128886,0.008046,"Pop. density 2018; Income 2018; Forest%_2016"
"PRY","Paraguay","2021",60,10,NA,NA,70,27000,57473,57473,401498,22,419,5,37.7488034467027,46.2,85.4,46.4,5414.79913793258,38145288940,-0.02991439,6.59469985961914,38.121,4569.91530794285,17.5083589227284,0.916107,0.482711,"Pop. density 2018; Income 2018; Forest%_2016"
"PSE","State of Palestine","2017",NA,NA,40,NA,40,15,517,517,6182,16,142,145,NA,NA,NA,NA,NA,NA,NA,NA,NA,NA,847,0.97941,0.101836,"Source for pop. density (2020): https://www.worldometers.info/world-population/state-of-palestine-population/"
"REU","Reunion",NA,NA,NA,0,79,79,1058,1601,1601,2536,19,2,14,NA,NA,NA,NA,NA,NA,NA,NA,NA,NA,358,0.997721,0.974174,"Source for pop. density (2020): https://www.worldometers.info/world-population/reunion-population/"
"ROU","Romania","2020",336,537,NA,NA,873,58225,58225,58225,237453,25,150,151,30.1208283871371,74.4,98.2,64.7,12919.5296441908,2.50077e+11,4.07954831,3.91170001029968,45.916,9716.21717542217,84.633801286509,0.119469,0.015107,"Pop. density 2018; Income 2018; Forest%_2016"
"RUS","Russian Federation","2019",3818,6632,NA,NA,10450,748937,1932707,1932707,16874836,20,150,151,49.7585619230048,48.8,94.9,50.5,11584.9953826104,1.69988e+12,1.341875441,4.49569988250732,25.413,8573.21338231173,8.82206795315588,0.806956,0.241753,"Pop. density 2018; Income 2018; Forest%_2016"
"RWA","Rwanda","2020",122,148,NA,NA,270,1122,2317,2317,25452,13,2,14,19.7324680905135,40,76,33.8,801.656186978807,10122472590,9.406934948,15.3016996383667,82.687,613.610383861716,498.659870287799,1,0.530029,"Pop. density 2018; Income 2018; Forest%_2016"
"SGP","Singapore","2019",6,13,NA,NA,19,34,34,34,605,22,142,35,23.0606488428662,40.2,NA,58.1,65233.2824392302,3.72063e+11,0.733309935,3.09999990463257,0,50176.2369312917,7952.9984184018,1,1,"Pop. density 2018; Income 2018; Forest%_2016; SPI=censored"
"SLE","Sierra Leone","2020",NA,NA,244,NA,244,3500,9270,9270,72709,22,2,11,43.0534787705216,30.2,80.9,25.7,504.46254336648,3941474311,5.513460168,4.67799997329712,57.516,435.397351660568,105.987170961485,0.88698,0.880301,"Unemployment_total 2014; Pop. density 2018; Income 2018; Forest%_2016"
"SLV","El Salvador","2018",179,10,NA,NA,189,1778,1778,1778,20573,23,419,13,12.5772203717913,43.5,26.2,43.1,4187.2500311069,27022640000,2.382362908,4.16989994049072,27.254,3314.69966218809,309.881467181467,0.77433,0.520451,"Pop. density 2018; Income 2018; Forest%_2016"
"SRB","Serbia","2014",500,345,NA,NA,845,4360,6766,6766,88509,17,150,39,31.1159375982592,60.2,96.8,55.2,7402.35455862041,51409167351,4.1870987,10.3948001861572,43.74,5708.81877652107,79.8376857992225,0.414273,0.158821,"Pop. density 2018; Income 2018; Forest%_2016"
"STP","Sao Tome and Principe","2012",10,6,NA,NA,16,289,289,289,989,18,2,17,55.8333317438761,43.6,NA,37.6,1994.90646719089,429016605.2,2.399999446,13.5900001525879,26.402,1384.69974809866,219.820833333333,NA,NA,"Unemployment_total 2012; Pop. density 2018; Income 2018; Forest%_2016; SPI=censored"
"SUR","Suriname","2020",NA,NA,52,NA,52,21426,21426,21426,147558,18,419,5,98.2576935596955,50.9,84.3,45.2,6854.90656148409,3985250737,-0.77176374,7.21999979019165,33.905,3262.74478623291,3.69225,0.744257,0.047638,"Unemployment_total 2015; Pop. density 2018; Income 2018; Forest%_2016"
"SVK","Slovak Republic","2019",120,302,NA,NA,422,18128,18396,18396,48941,25,150,151,40.3535763554883,70.9,100,68.3,19329.0968007902,1.05422e+11,2.398568858,5.75419998168945,46.271,15123.3743657888,113.285586522463,0.051202,0.035043,"Pop. density 2018; Income 2018; Forest%_2016"
"SVN","Slovenia","2019",85,106,NA,NA,191,8197,8197,8197,20309,24,150,39,61.9700119864299,74.1,100,72,25739.2478143246,53742159517,2.442991915,4.44579982757568,45.178,20700.6490817618,102.96366052404,0.117266,0.023453,"Pop. density 2018; Income 2018; Forest%_2016"
"SWZ","Eswatini","2017",299,78,NA,NA,377,738,738,738,17336,23,2,18,34.3372078829034,44.6,59.3,33.8,3837.02699384472,4405405802,2.013918405,22.7176990509033,76.019,3216.67202704576,66.0576162790698,0.977911,0.975814,"Unemployment_total 2016; Pop. density 2018; Income 2018; Forest%_2016"
"TCD","Chad","2012",572,46,NA,NA,618,155973,267716,267716,1276586,16,2,17,3.77096561494898,34.6,83.3,26.7,709.540310138533,11314951343,3.247181917,1.13489997386932,76.721,522.040577344011,12.2917336404066,1,0.017984,"Unemployment_total 2018; Pop. density 2018; Income 2018; Forest%_2016"
"TGO","Togo","2008",108,7,NA,NA,115,4643,16081,16081,57481,12,2,11,3.09248017922857,38.2,73.5,29.5,675.542213340634,5459979417,5.312535005,3.74399995803833,57.752,522.716713023635,145.046773303916,0.976738,0.791728,"Unemployment_total 2017; Income 2018; Forest%_2016"
"THA","Thailand","2019",4088,1455,NA,NA,5543,96035,96035,96035,517787,21,142,35,32.1576073127288,43.5,84.1,45.4,7808.19291629949,5.4365e+11,2.37187626,0.716400027275085,49.308,5548.39682734503,135.897206835131,0.986345,0.973221,"Pop. density 2018; Income 2018; Forest%_2016"
"TJK","Tajikistan","2020",NA,NA,274,NA,274,31690,31690,31690,142244,23,142,143,2.97139558971456,49.9,69.4,38.2,870.787589323223,8116626794,7.011268985,6.90000009536743,72.691,878.312776118015,65.5727141724908,1,0.647724,"Unemployment_total 2016; Pop. density 2018; Income 2018; Forest%_2016"
"TKM","Turkmenistan","2020",201,250,NA,NA,451,15336,15336,15336,472138,21,142,143,8.78215904496414,43.1,68.4,43.9,6966.63541063077,NA,6.19999994137119,4,47.952,3394.66082245848,12.4505947694337,1,0.631396,"GDP_growth 2018; Unemployment_total 2010; Pop. density 2018; Income 2011; GDP_per.capita_2018; Forest%_2016"
"TLS","Timor-Leste","2020",13,0,NA,NA,13,1236,2401,2401,15007,17,142,35,45.3799588293859,39.5,95.4,35.3,1294.18893388776,1673540300,3.41419234594697,4.65729999542236,69.053,1370.95097379833,85.270477471419,0,0,"Unemployment_total 2016; Pop. density 2018; Income 2018; Forest%_2016"
"TTO","Trinidad and Tobago","2020",NA,NA,166,NA,166,1595,1595,1595,5213,19,419,29,46.0233930026347,42.9,NA,47.5,17276.4654468225,24100202834,-0.00237163,3.20740008354187,46.813,13268.4925133376,270.927485380117,1,0.085714,"Unemployment_total 2016; Pop. density 2018; Income 2018; Forest%_2016; SPI=censored"
"TUN","Tunisia","2018",561,137,NA,NA,698,12286,12286,12286,155231,25,2,15,6.76622007705896,45,59.3,46.7,3317.54101348345,38797709924,1.042780016,15.1338996887207,30.746,2674.35179942183,74.4413233779609,1,1,"Pop. density 2018; Income 2018; Forest%_2016"
"TUR","Turkey","2020",1786,2788,NA,NA,4574,53731,78836,1709,782239,19,142,145,15.3546514437132,36.9,3.3,42.6,9042.49298288882,7.54412e+11,0.877433458,13.6654996871948,24.37,7644.55596070684,106.960128893104,NA,NA,"Pop. density 2018; Income 2018; Forest%_2016"
"TWN","Taiwan","2020",145,674,NA,NA,819,6951,7146,7146,36245,21,142,30,NA,55.8,90.4,57.2,NA,NA,NA,NA,NA,NA,650,1,0.513457,"Source for pop. density (2021): https://eng.stat.gov.tw/point.asp?index=9"
"TZA","Tanzania","2020",3030,2020,NA,NA,5050,346032,362264,362264,947253,15,2,14,51.5782343644163,49.9,86.3,31.1,1122.12181047515,63177068175,5.791371376,2.12490010261536,65.5,848.1282391025,63.5790787988259,0.917774,0.626489,"Unemployment_total 2014; Pop. density 2018; Income 2018; Forest%_2016"
"UGA","Uganda","2018",1485,389,NA,NA,1874,24750,39054,39054,243145,19,2,14,9.68382230614467,42.2,92.6,35.6,776.768575885308,34387229486,6.507342527,9.84739971160889,75.639,532.966980803265,213.061734490325,0.76375,0.397073,"Unemployment_total 2017; Pop. density 2018; Income 2018; Forest%_2016"
"UKR","Ukraine","2012",923,1209,NA,NA,2132,7000,77621,77621,598829,15,150,151,16.7080388142165,49.9,80.4,49.5,3659.03131229487,1.53781e+11,3.233491188,8.1943998336792,30.527,2619.90512522588,77.0296708039151,0.842979,0.410734,"Pop. density 2018; Income 2018; Forest%_2016"
"URY","Uruguay","2020",41,41,NA,NA,82,3764,6557,6557,178460,18,419,5,10.6715803350153,36.7,32.6,49.1,16190.1269572827,56045912952,0.222121735,9.35070037841797,4.574,14118.8319543292,19.7080276539824,0.094528,0.015627,"Pop. density 2018; Income 2018; Forest%_2016"
"USA","USA","2020",11030,30933,NA,NA,41963,608489.826676379,1235472,1235472,9490391,20,21,21,33.9297856663409,60.3,86.3,69.3,65118.3583328163,2.13744e+13,2.333577492,3.66919994354248,17.541,53497.2922694808,35.7136220923495,0.626018,0.36586,"Pop. density 2018; Income 2018; Forest%_2016"
"UZB","Uzbekistan","2014",185,221,NA,NA,406,11712,25976,25976,450363,17,142,143,7.54297138997856,54.1,49.2,44.3,1724.8411344137,57921286440,5.563723953,9.30000019073486,49.567,1311.16725161925,77.4708509637988,1,0.678961,"Unemployment_total 2018; Pop. density 2018; Income 2018; Forest%_2016"
"VCT","Saint Vincent and the Grenadines","2020",25,17,NA,NA,42,91,92,92,410,19,419,29,69.2307692307692,51.3,NA,48.4,7463.53783093423,825385185.2,0.342428046,18.7900009155273,47.386,6324.03027256555,282.589743589744,0.885593,0,"Unemployment_total 2008; Pop. density 2018; Income 2018; Forest%_2016; SPI=censored"
"VEN","Venezuela","2021",3525,9448,NA,NA,12973,521790,521790,521790,917368,25,419,5,52.739188892353,52.9,87.5,50.3,16054.4905130962,NA,-3.89438647450662,6.60059976577759,11.76,14788.6602036549,32.7307919052208,0.224716,0.184635,"GDP_growth 2014; Unemployment_total 2012; Pop. density 2018; Income 2014; GDP_per.capita_2014; Forest%_2016"
"VGB","British Virgin islands","2020",10,5,NA,NA,15,16,16,16,176,18,419,29,24.1333325703939,NA,NA,NA,NA,NA,NA,3.28999996185303,51.884,NA,198.68,1,1,"Unemployment_total 1991; Pop. density 2018; Forest%_2016"
"VNM","Vietnam","2020",2277,1005,NA,NA,3282,24994,24994,24994,329880,24,142,35,48.0601154577999,28.5,66.6,33.4,2715.27603640721,2.61921e+11,7.017434882,2.03979992866516,63.372,2106.66192417329,308.125245912213,0.882936,0.503801,"Pop. density 2018; Income 2018; Forest%_2016"
"ZAF","South Africa","2017",4372,2438,NA,NA,6810,73749,106157,106157,1224385,20,2,18,7.61773652408313,51,79.4,43.1,6001.40081394888,3.51432e+11,0.152583317,28.4680995941162,33.144,5117.29160875369,47.6301197767684,NA,NA,"Pop. density 2018; Income 2018; Forest%_2016"
"ZMB","Zambia","2020",911,400,NA,NA,1311,240800,311733,311733,755640,17,2,14,65.1991531194931,43.9,96.7,34.7,1291.34335737364,23064722446,1.705792875,12.006199836731,55.928,1128.28341666014,23.3414789007116,0.292226,0.291259,"Unemployment_total 2018; Pop. density 2018; Income 2018; Forest%_2016"
"ZWE","Zimbabwe","2020",NA,NA,338,NA,338,13197,311773,311773,392573,10,2,14,35.5424573074189,46.7,94.8,37,1463.98591018054,21440758800,-8.1000002,16.8565998077393,67.79,1379.00324327751,37.3245909267158,0.583602,0.5793,"Pop. density 2018; Income 2018; Forest%_2016"
"ZZZ","W African Country","2020",357,100,NA,NA,457,42756,52240,52240,197924,23,2,11,NA,NA,NA,NA,NA,NA,NA,NA,NA,NA,82.34748,0.976257,0.00342,"Pop. density 2018; GDP 2018; Unemployment 2017"
"ALA","Åland Islands",NA,NA,NA,NA,NA,NA,NA,26,26,1553,NA,NA,NA,NA,NA,NA,NA,NA,NA,NA,NA,NA,NA,NA,NA,NA,NA
"AND","Andorra",NA,NA,NA,NA,NA,NA,NA,127,127,472,NA,150,39,34.0425531914894,NA,NA,NA,40886.3911648431,3154057987.23833,1.84923825726078,NA,12.016,NA,163.842553191489,0.59196,0,"Pop. density 2018; Forest%_2016"
"ASM","American Samoa",NA,NA,NA,NA,NA,NA,NA,33,33,211,NA,9,61,87.5,NA,NA,NA,11466.6907058505,6.36e+08,2.18487394957982,9.19999980926514,12.853,NA,277.325,1,0.333333,"GDP_growth 2018; Unemployment_total 2010; Pop. density 2018; GDP 2018; GDP_per.capita_2018; Forest%_2016"
"ATA","Antarctica",NA,NA,NA,NA,NA,NA,NA,0,0,1.4e+07,NA,NA,NA,NA,NA,NA,NA,NA,NA,NA,NA,NA,NA,NA,NA,NA,NA
"ATF","French Southern Territories",NA,NA,NA,NA,NA,NA,NA,7847,7847,7855,NA,2,14,NA,NA,NA,NA,NA,NA,NA,NA,NA,NA,NA,NA,NA,NA
"BES","Bonaire, Sint Eustatius and Saba",NA,NA,NA,NA,NA,NA,NA,92,92,323,NA,419,29,NA,NA,NA,NA,NA,NA,NA,NA,NA,NA,79.9,1,1,"Pop. density source (2020): http://data.un.org/en/iso/bq.html"
"BHR","Bahrain",NA,NA,NA,NA,NA,NA,NA,45,45,687,NA,142,145,0.784061684289783,52.2,NA,51,23503.977126673,38574069148.9362,1.81956900625906,1.20000004768372,10.606,20094.2843705576,2017.27369979138,1,0.806452,"Unemployment_total 2012; Pop. density 2018; Income 2018; Forest%_2016; SPI=censored"
"BLM","Saint Barthelemy",NA,NA,NA,NA,NA,NA,NA,5,5,25,NA,419,29,NA,NA,NA,NA,NA,NA,NA,NA,NA,NA,NA,1,0,NA
"BLR","Belarus",NA,NA,NA,NA,NA,NA,NA,28687,28687,207228,NA,150,151,42.6301064968239,51.1,99.2,53,6663.29529282582,63080457022.6599,1.22209662862558,4.15999984741211,20.956,5153.21210115544,46.7195037884204,1,0.318243,"Pop. density 2018; Income 2018; Forest%_2016"
"BMU","Bermuda",NA,NA,NA,NA,NA,NA,NA,2,2,72,NA,21,21,18.5185181914697,NA,NA,NA,85748.0654143782,5573710000,-2.51115443098975,8.9399995803833,0,NA,1183.70368279874,1,0.727273,"GDP_growth 2013; Unemployment_total 2014; Pop. density 2018; GDP 2013; GDP_per.capita_2013; Forest%_2016"
"BRB","Barbados",NA,NA,NA,NA,NA,NA,NA,6,6,444,NA,419,29,14.6511632342671,35.6,NA,45.6,18148.2449264001,5.209e+09,-0.0961355529131964,9.72000026702881,68.842,15199.6133347295,666.606976744186,1,0.823529,"Unemployment_total 2016; Pop. density 2018; Income 2018; Forest%_2016; SPI=censored"
"BRN","Brunei Darussalam",NA,NA,NA,NA,NA,NA,NA,2794,2794,5962,NA,142,35,72.1062618595825,42,NA,54.8,31086.7510792939,13469422941.3919,3.86910980288788,6.92309999465942,22.058,24019.6100425007,81.3969639468691,0.979626,0.979626,"Pop. density 2018; Income 2018; Forest%_2016; SPI=censored"
"BVT","Bouvet Island",NA,NA,NA,NA,NA,NA,NA,44,44,51,NA,419,5,NA,NA,NA,NA,NA,NA,NA,NA,NA,NA,NA,NA,NA,NA
"CCK","Cocos (Keeling) Islands",NA,NA,NA,NA,NA,NA,NA,0,0,18,NA,9,53,NA,NA,NA,NA,NA,NA,NA,NA,NA,NA,43,NA,NA,"Pop. density source: https://en.wikipedia.org/wiki/Cocos_(Keeling)_Islands"
"COK","Cook Islands",NA,NA,NA,NA,NA,NA,NA,65,65,258,NA,9,61,NA,NA,NA,NA,NA,NA,NA,NA,NA,NA,73,1,0,"Source for pop. density (2020): https://www.worldometers.info/world-population/cook-islands-population/"
"COM","Comoros",NA,NA,NA,NA,NA,NA,NA,574,574,1701,NA,2,14,19.6668443169007,35.3,NA,32.1,1393.52237156461,1185728676.65112,2.71525946491546,8.14249992370605,70.836,1287.84030597507,447.244477540227,NA,NA,"Unemployment_total 2014; Pop. density 2018; Income 2018; Forest%_2016; SPI=censored"
"CUW","Curaçao",NA,NA,NA,NA,NA,NA,NA,71,71,451,NA,419,29,NA,NA,NA,NA,19573.892645136,3127908044.69274,-2.16613107776222,13.4300003051758,10.902,NA,360.754504504504,1,1,"GDP_growth 2018; Unemployment_total 2018; Pop. density 2017; GDP 2018; GDP_per.capita_2018"
"CXR","Christmas Island",NA,NA,NA,NA,NA,NA,NA,88,88,142,NA,9,53,NA,NA,NA,NA,NA,NA,NA,NA,NA,NA,10.39,1,1,"Pop. density source: https://en.wikipedia.org/wiki/Christmas_Island"
"CYP","Cyprus",NA,NA,NA,NA,NA,NA,NA,3498,3498,9063,NA,142,145,18.6872292390633,53.7,NA,64.8,27858.3709958327,24564647934.6244,3.23009031446846,7.07359981536865,33.195,26327.562243961,128.708333333333,0.115933,0.002045,"Pop. density 2018; Income 2018; Forest%_2016; SPI=censored"
"DJI","Djibouti",NA,NA,NA,NA,NA,NA,NA,344,344,21844,NA,2,14,0.241587571381906,33.4,32.9,28.1,3408.84625440837,3318716359.44182,7.47031842181347,NA,22.085,2785.07686698735,41.3684210526316,NA,NA,"Pop. density 2018; Income 2018; Forest%_2016"
"ERI","Eritrea",NA,NA,NA,NA,NA,NA,NA,5936,5936,121834,NA,2,14,14.9069304513459,40.4,55.8,30.4,642.507659063694,2065001626.01626,8.67979993646819,NA,64.229,452.189657083453,31.8215049504951,1,0,"GDP_growth 2011; Income 2011; Pop. density 2011; Rural pop. 2011; GDP 2011; GDP_per.capita_2011; Forest%_2016"
"ESH","Western Sahara",NA,NA,NA,NA,NA,NA,NA,616,616,268339,NA,2,15,NA,NA,NA,NA,NA,NA,NA,NA,NA,NA,2,NA,NA,"Source for pop. density (2020): https://www.worldometers.info/world-population/western-sahara-population/"
"FJI","Fiji",NA,NA,NA,NA,NA,NA,NA,1037,1037,19155,NA,9,54,55.9419812566278,34.2,19,34.4,6220.04642089247,5535548972.41252,1.0632603443498,4.31949996948242,43.25,5137.37930093148,48.3570333880679,0.856853,0.840203,"Unemployment_total 2016; Pop. density 2018; Income 2018; Forest%_2016"
"FLK","Falkland Islands",NA,NA,NA,NA,NA,NA,NA,61,61,12401,NA,419,5,NA,NA,NA,NA,NA,NA,NA,NA,NA,NA,0,1,1,"Source for pop. density (2020): https://www.worldometers.info/world-population/falkland-islands-malvinas-population/"
"FRO","Faroe Islands",NA,NA,NA,NA,NA,NA,NA,34,34,1451,NA,150,154,0.0573065864714499,NA,NA,NA,58622.840815806,2833300519.46872,NA,3.70000004768372,57.775,NA,34.7399698278226,NA,NA,"Unemployment_total 2004; Pop. density 2018; GDP 2017; GDP_per.capita_2017; Forest%_2016"
"FSM","Micronesia (Federated States of)",NA,NA,NA,NA,NA,NA,NA,0,0,817,NA,9,57,91.8571472167969,34.5,NA,33,3568.291015625,401932300,0.211653600126766,8.86250019073486,77.188,3369.08557670145,160.914285714286,0,0,"GDP_growth 2018; Unemployment_total 2014; Pop. density 2018; Income 2018; GDP 2017; GDP_per.capita_2018; Forest%_2016; SPI=censored"
"GGY","Guernsey",NA,NA,NA,NA,NA,NA,NA,3,3,86,NA,150,154,NA,NA,NA,NA,NA,NA,NA,NA,NA,NA,965,NA,NA,"Pop. density source: https://en.wikipedia.org/wiki/Guernsey"
"GIB","Gibraltar",NA,NA,NA,NA,NA,NA,NA,0.35,3,86,NA,150,39,NA,NA,NA,NA,NA,NA,NA,NA,NA,NA,3369,NA,NA,"Source for pop. density (2020): https://www.worldometers.info/world-population/gibraltar-population/"
"GRC","Greece",NA,NA,NA,NA,NA,NA,NA,46842,46842,133012,NA,150,39,31.6850267740254,61.4,86,69.1,19582.5360108329,209852761468.681,1.87086967360185,17.3129997253418,20.612,16994.1722978617,83.2651823118697,0.709121,0.001467,"Pop. density 2018; Income 2018; Forest%_2016"
"GRD","Grenada",NA,NA,NA,NA,NA,NA,NA,36,36,374,NA,419,29,49.9705875621124,40.9,NA,43.1,10965.5131592044,1228170370.37037,3.12631698382337,22.8999996185303,63.604,NA,327.805882352941,0.863501,0.863501,"Unemployment_total 2015; Pop. density 2018; Forest%_2016; SPI=censored"
"GUM","Guam",NA,NA,NA,NA,NA,NA,NA,25,25,561,NA,9,57,46.2962962962963,NA,NA,NA,35712.5621350321,5.92e+09,-0.268353459842814,5.40000009536743,5.14100000000001,NA,306.977777777778,0.73913,0.347826,"GDP_growth 2018; Unemployment_total 2016; Pop. density 2018; GDP 2018; GDP_per.capita_2018; Forest%_2016"
"HKG","Hong Kong",NA,NA,NA,NA,NA,NA,NA,462,462,1102,NA,142,30,NA,NA,NA,NA,48755.8350791287,366029556273.051,-1.1882723496098,2.96000003814697,0,5131.0694364786,7096.19047619048,0.058608,0,"Pop. density 2018; Income 1980"
"HMD","Heard Island and McDonald Islands",NA,NA,NA,NA,NA,NA,NA,391,391,391,NA,9,53,NA,NA,NA,NA,NA,NA,NA,NA,NA,NA,0,NA,NA,"Pop. density source: https://en.wikipedia.org/wiki/Geography_of_the_Heard_and_McDonald_Islands"
"IMN","Isle of Man",NA,NA,NA,NA,NA,NA,NA,32,32,582,NA,150,154,6.070175505521,NA,NA,NA,80989.1722114502,6770532818.53282,3.60000000000001,2.66732120513916,47.265,NA,147.50350877193,1,0,"GDP_growth 2017; Unemployment_data 2016; Pop. density 2018; GDP 2017; GDP_per.capita_2017; Forest%_2016"
"IOT","British Indian Ocean Territory",NA,NA,NA,NA,NA,NA,NA,69,69,69,NA,2,14,NA,NA,NA,NA,NA,NA,NA,NA,NA,NA,50,NA,NA,"Pop. density source: https://en.wikipedia.org/wiki/British_Indian_Ocean_Territory"
"IRQ","Iraq",NA,NA,NA,NA,NA,NA,NA,6714,6714,437831,NA,142,145,1.90036114959972,39.4,37.2,39.5,5955.10901036816,234094042938.917,4.40091339515327,13.0200004577637,29.322,4350.64393508545,88.5305700354617,1,0.003118,"Unemployment_total 2017; Pop. density 2018; Income 2018; Forest%_2016"
"JEY","Jersey",NA,NA,NA,NA,NA,NA,NA,22,22,125,NA,150,154,NA,NA,NA,NA,NA,NA,NA,NA,NA,NA,912,NA,NA,"Pop. density source: https://en.wikipedia.org/wiki/Jersey"
"KIR","Kiribati",NA,NA,NA,NA,NA,NA,NA,231,231,1033,NA,9,57,14.9999995290498,47.5,NA,37.7,1655.07883905984,194647201.946472,2.24736596252662,9.33450031280518,45.165,2983.14799732767,143.020987654321,1,0.717491,"Unemployment_total 2015; Pop. density 2018; Income 2018; Forest%_2016; SPI=censored"
"KWT","Kuwait",NA,NA,NA,NA,NA,NA,NA,2979,2979,17418,NA,142,145,0.350729517396184,51.2,92.9,53.6,32031.9801025988,134761198945.982,0.412348552959656,2.16000008583069,0,31628.7677669658,232.172390572391,0.796673,0.124283,"Unemployment_total 2016; Pop. density 2018; Income 2018; Forest%_2016"
"LIE","Liechtenstein",NA,NA,NA,NA,NA,NA,NA,71,71,167,NA,150,155,43.1250005960464,NA,NA,NA,173356.051288416,6552858738.70214,-1.15748291975636,2.00999999046326,85.629,NA,236.9375,0.131535,0.06914,"GDP_growth 2009; Unemployment_total 2007; Pop. density 2018; GDP 2017; GDP_per.capita_2017; Forest%_2016"
"LUX","Luxembourg",NA,NA,NA,NA,NA,NA,NA,1333,1333,2603,NA,150,155,35.6790110898116,75.4,NA,82.3,114704.594170863,71104919108.1411,2.29697916603786,5.59469985961914,8.777,60188.5669817921,250.185185185185,1,0.933382,"Pop. density 2018; Income 2018; Forest%_2016; SPI=censored"
"MAC","Macau",NA,NA,NA,NA,NA,NA,NA,0,0,32.9,NA,NA,NA,NA,NA,NA,NA,NA,NA,NA,NA,NA,NA,NA,NA,NA,NA
"MAF","Saint Martin (French part)",NA,NA,NA,NA,NA,NA,NA,5,5,60,NA,419,29,18.3823529411765,NA,NA,NA,NA,NA,NA,NA,NA,NA,672.058823529412,1,0,"Pop. density 2018; Forest%_2015"
"MCO","Monaco",NA,NA,NA,NA,NA,NA,NA,1,1,2,NA,150,155,NA,NA,NA,NA,185829.017960407,7188238072.74445,6.10000047479944,6.32999992370605,0,NA,19196,1,0,"GDP_growth 2018; Unemployment_total 2016; Pop. density 2017; GDP 2017; GDP_per.capita_2018"
"MDV","Maldives",NA,NA,NA,NA,NA,NA,NA,7,7,305,NA,142,34,3.33333333333333,27.4,NA,35.6,10790.50023682,5729248472.24028,5.21599925714978,6.11990022659302,59.762,8058.14146281482,1718.98666666667,0.424242,0.060606,"Unemployment_total 2016; Pop. density 2018; Income 2018; Forest%_2016; SPI=censored"
"MHL","Marshall Islands",NA,NA,NA,NA,NA,NA,NA,34,34,282,NA,9,57,70.2222241295711,NA,NA,30.8,3788.16359372058,221278000,3.6247527596621,4.73999977111816,22.583,NA,324.516666666667,0.216418,0.216418,"GDP_growth 2018; Unemployment_total 2011; Pop. density 2018; GDP 2017; GDP_per.capita_2018; Forest%_2016; SPI=censored"
"MLT","Malta",NA,NA,NA,NA,NA,NA,NA,100,100,325,NA,150,39,1.09374998137355,60.5,NA,70.7,29416.2306070084,14786156563.3046,4.38409628323227,3.39459991455078,5.322,NA,1514.46875,0.353333,0.023333,"Pop. density 2018; Forest%_2016; SPI=censored"
"MNP","Northern Mariana Islands",NA,NA,NA,NA,NA,NA,NA,38,38,501,NA,9,57,63.782609027365,NA,NA,NA,23258.6758552794,1.323e+09,-19.6078431372549,11.1700000762939,8.292,NA,123.65652173913,0.024691,0.004115,"GDP_growth 2018; Unemployment_total 2010; Pop. density 2018; GDP 2018; GDP_per.capita_2018; Forest%_2016"
"MTQ","Martinique",NA,NA,NA,NA,NA,NA,NA,926,926,1150,NA,419,29,NA,NA,NA,NA,NA,NA,NA,NA,NA,NA,354,0.014554,0,"Source for pop. density (2020): https://www.worldometers.info/world-population/martinique-population/"
"MUS","Mauritius",NA,NA,NA,NA,NA,NA,NA,97,97,2062,NA,2,14,19.0344824579549,35.3,NA,45.1,11203.5405848607,14180444557.2047,3.55078438012413,6.42649984359741,59.234,10369.3136522126,623.30197044335,1,0.628812,"Unemployment_total 2018, Pop. density 2018; Income 2018; Forest%_2016; SPI=censored"
"MYT","Mayotte",NA,NA,NA,NA,NA,NA,NA,55,55,396,NA,2,14,NA,NA,NA,NA,NA,NA,NA,NA,NA,NA,728,0.273305,0,"Source for pop. density (2020): https://www.worldometers.info/world-population/mayotte-population/"
"NCL","New Caledonia",NA,NA,NA,NA,NA,NA,NA,11419,11419,19141,NA,9,54,45.8971553610503,NA,NA,NA,12579.5951055864,2682347064.3642,2.10010884233,14.5900001525879,28.896,NA,15.5393873085339,0.24408,0.038555,"GDP_growth 2000; Unemployment_total 2014; Pop. density 2018; GDP 2000; GDP_per.capita_2000; Forest%_2016"
"NFK","Norfolk island",NA,NA,NA,NA,NA,NA,NA,20,20,43,NA,9,53,NA,NA,NA,NA,NA,NA,NA,NA,NA,NA,61.9,0.188776,0.183673,"Pop. density source:https://en.wikipedia.org/wiki/Norfolk_Island"
"NIU","Niue",NA,NA,NA,NA,NA,NA,NA,55,55,268,NA,9,61,NA,NA,NA,NA,NA,NA,NA,NA,NA,NA,6,0.011236,0,"Source of pop. density (2020): https://www.worldometers.info/world-population/niue-population/"
"NRU","Nauru",NA,NA,NA,NA,NA,NA,NA,0,0,21,NA,9,57,0,NA,NA,NA,9396.98196681072,118223430.124446,6.09756097560977,13.2815999984741,0,NA,635.2,NA,NA,"GDP_growth 2018; Unemployment_total 2013; Pop. density 2018; Forest%_2016"
"OMN","Oman",NA,NA,NA,NA,NA,NA,NA,11112,11112,310373,NA,142,145,0.00646203554119548,35.2,42.6,38.5,15474.0324753635,76983094928.4785,0.499999999999986,1.79999995231628,14.557,9239.20648700826,15.6041453957997,0.944252,0.915045,"Unemployment_total 2018; Pop. density 2018; Income 2018; Forest%_2016"
"PCN","Pitcairn",NA,NA,NA,NA,NA,NA,NA,43,43,46,NA,9,61,NA,NA,NA,NA,NA,NA,NA,NA,NA,NA,1.19,NA,NA,"Pop. density source: https://en.wikipedia.org/wiki/Pitcairn_Islands"
"PLW","Palau",NA,NA,NA,NA,NA,NA,NA,221,221,501,NA,9,57,87.6086939936098,NA,NA,NA,15859.4348578768,283994900,1.70551858341909,1.35689997673035,19.53,NA,38.9282608695652,0.834667,0.264,"GDP_growth 2018; Unemployment_total 2014; Pop. density 2018; GDP 2018; GDP_per.capita_2018; Forest%_2016"
"PRI","Puerto Rico",NA,NA,NA,NA,NA,NA,NA,667,667,9041,NA,419,29,56.28635961281,NA,NA,NA,32873.7192730424,104988600000,1.18766355536251,8.30000019073486,6.42400000000001,NA,360.017361894025,0.098347,0.005324,"Pop. density 2018; Forest%_2016"
"PRK","Democratic People's Republic of Korea",NA,NA,NA,NA,NA,NA,NA,2976,2976,122186,NA,142,30,40.7275143260527,NA,NA,NA,NA,NA,NA,NA,37.866,NA,212.190175234615,1,0.4985,"Pop. density 2018; Forest%_2016"
"PYF","French Polynesia",NA,NA,NA,NA,NA,NA,NA,74,74,3780,NA,9,61,42.3497267759563,NA,NA,NA,14323.820820245,3447543137.9415,4.0000003434361,11.7399997711182,38.103,NA,75.8685792349727,1,0,"GDP_growth 2000; Unemployment_total 2007; Pop. density 2018; GDP 2000; GDP_per.capita_2000; Forest%_2016"
"QAT","Qatar",NA,NA,NA,NA,NA,NA,NA,1805,1805,11436,NA,142,145,0,23.9,2.8,37.1,64781.7331974169,183466208791.209,-0.183327100617944,0.109999999403954,0.811999999999998,51536.2717211952,239.593195521103,NA,NA,"Unemployment_total 2018; Pop. density 2018; Income 2018; Forest%_2016"
"SAU","Saudi Arabia",NA,NA,NA,NA,NA,NA,NA,92064,92064,1934058,NA,142,145,0.454484134921779,41.8,56.6,44,23139.7986561214,792966838161.659,0.331435726946069,6.03999996185303,15.935,18798.7633400536,15.6766543082956,0.197147,0.194795,"Unemplyment_total 2018; Pop. density 2018; Income 2018; Forest%_2016"
"SDN","Sudan",NA,NA,NA,NA,NA,NA,NA,42698,42698,1871252,NA,2,15,NA,44.1,46.6,34.8,441.505603374484,18902284475.6054,-2.55550593992368,17.4398002624512,65.064,764.36080711332,22.60479,0.720649,0.675905,"Unemployment_total 2011; Income 2018; Pop. density 2018"
"SGS","South Georgia and the South Sandwich Islands",NA,NA,NA,NA,NA,NA,NA,505,505,3972,NA,419,5,NA,NA,NA,NA,NA,NA,NA,NA,NA,NA,NA,0,0,NA
"SHN","Saint Helena, Ascension and Tristan da Cunha",NA,NA,NA,NA,NA,NA,NA,164,164,434,NA,2,11,NA,NA,NA,NA,NA,NA,NA,NA,NA,NA,16,0.430939,0,"Pop. density numbers only from Saint Helena, source (2020): https://www.worldometers.info/world-population/saint-helena-population/"
"SJM","Svalbard and Jan Mayen",NA,NA,NA,NA,NA,NA,NA,39738,39738,61261,NA,150,154,NA,NA,NA,NA,NA,NA,NA,NA,NA,NA,0.044,1,0.999613,"Source of pop. density: https://en.wikipedia.org/wiki/Svalbard"
"SLB","Solomon Islands",NA,NA,NA,NA,NA,NA,NA,530,530,29192,NA,9,54,77.8635191977045,30.9,0,26.7,2127.53850760272,1425074225.77798,2.69398505322623,0.693899989128113,75.79,1468.71303509868,23.324687388353,0.677632,0.167763,"Unemployment_total 2013; Pop. density 2018; Income 2018; Forest%_2016"
"SMR","San Marino",NA,NA,NA,NA,NA,NA,NA,0,0,61,NA,150,39,0,NA,NA,NA,48481.0133042107,1637931034.48276,1.17252931323284,5.80000019073486,2.63200000000001,NA,563.083333333333,NA,NA,"GDP_growth 2018; Pop. density 2018; GDP 2018; GDP_per.capita_2018; Forest%_2016"
"SOM","Somalia",NA,NA,NA,NA,NA,NA,NA,0,0,637992,NA,2,14,10.0204039202227,NA,NA,37.3,126.924920542559,917044228.012679,-1.48407568424221,NA,54.446,NA,23.9234769024771,NA,NA,"GDP_growth 1990; Pop. density 2018; GDP 1990; GDP_per.capital_1990; Forest%_2016"
"SPM","Saint Pierre and Miquelon",NA,NA,NA,NA,NA,NA,NA,7,7,238,NA,21,21,NA,NA,NA,NA,NA,NA,NA,NA,NA,NA,25,1,0,"Source of pop. density (2020): https://www.worldometers.info/world-population/saint-pierre-and-miquelon-population/"
"SSD","South Sudan",NA,NA,NA,NA,NA,NA,NA,98214,98214,633580,NA,2,14,NA,NA,NA,NA,1119.65133267823,11997800760.2242,-10.7933646271143,12.1499996185303,80.101,843.333101916466,17.36894,0.692195,0.692195,"GDP_growth 2015; Unemployment_total 2008; Income 2015; GDP 2015; GDP_per.capita_2015; Pop. density 2018"
"SWE","Sweden",NA,NA,NA,NA,NA,NA,NA,64987,64987,449390,NA,150,154,68.9229333922565,65.6,99.3,78.7,51610.0660552202,530832908737.862,1.19485342626979,6.83260011672974,12.292,46113.9331199431,24.9814981218237,0.76777,0.656967,"Pop. density 2018; Income 2018; Forest%_2016"
"SXM","Sint Maarten (Dutch part)",NA,NA,NA,NA,NA,NA,NA,0,0,36,NA,419,29,NA,NA,NA,NA,NA,NA,-8.42588395285586,NA,0,NA,1193.35294117647,NA,NA,"GDP_growth 2017; Pop. density 2017"
"SYC","Seychelles",NA,NA,NA,NA,NA,NA,NA,300,300,487,NA,2,14,88.4130394977072,NA,NA,58.2,17401.7215135612,1698843062.76141,4.70811443122183,2.95070004463196,42.881,13472.3426380599,210.352173913043,1,1,"Pop. density 2018; Income 2018; Forest%_2016; SPI=censored"
"SYR","Syrian Arab Republic",NA,NA,NA,NA,NA,NA,NA,1293,1293,188613,NA,142,145,2.843108425,NA,NA,NA,2032.623489,40405006007,5.7,8.61,45.179,1590.991,92.06711,NA,NA,"GDP_Per.capita 2007; GDP 2007; GDP_growth 2007; Unemployment_total 2010; Pop. density 2018; Adjusted_income 2007; %forest 2018"
"TCA","Turks and Caicos Islands",NA,NA,NA,NA,NA,NA,NA,452,452,1018,NA,419,29,36.2105279219778,NA,NA,NA,27142.2277976902,1022312010,5.28208549380973,8.30000019073486,6.64,24000.9585014704,39.6473684210526,0.997992,0,"GDP_growth 2018; Unemployment_total 2008; Pop. density 2018; Income 2018; GDP 2018; GDP_per.capita_2018; Forest%_2016"
"TKL","Tokelau",NA,NA,NA,NA,NA,NA,NA,1,1,15,NA,9,61,NA,NA,NA,NA,NA,NA,NA,NA,NA,NA,136,NA,NA,"Source of pop. density (2020): https://www.worldometers.info/world-population/tokelau-population/"
"TON","Tonga",NA,NA,NA,NA,NA,NA,NA,96,96,767,NA,9,61,12.5,46,NA,45.1,4364.0155613495,450353313.884584,0.299994244658407,3.06859993934631,76.893,4040.00900802959,143.329166666667,0.882022,0.867978,"GDP_growth 2018; Unemployment_total 2018; Pop. density 2018; Income 2018; GDP 2018; GDP_per.capita_2018; Forest%_2016; SPI=censored"
"TUV","Tuvalu",NA,NA,NA,NA,NA,NA,NA,6,6,42,NA,9,61,33.3333333333333,NA,NA,NA,4059.02999569444,47271463.3298575,9.75609756097559,8.48910045623779,36.785,NA,383.6,0,0,"Unemployment_total 2016; Pop. density 2018; Forest%_2016"
"UMI","United States Minor Outlying Islands",NA,NA,NA,NA,NA,NA,NA,363,363,363,NA,9,57,NA,NA,NA,NA,NA,NA,NA,NA,NA,NA,NA,NA,NA,NA
"VAT","Vatican",NA,NA,NA,NA,NA,NA,NA,0,0,0,NA,NA,NA,NA,NA,NA,NA,NA,NA,NA,NA,NA,NA,NA,NA,NA,NA
"VIR","United States Virgin islands",NA,NA,NA,NA,NA,NA,NA,54,54,376,NA,419,29,49.9714279174806,NA,NA,NA,35938.0243875154,3.855e+09,-1.69654289372629,NA,4.16800000000001,NA,305.648571428571,0.4,0.129412,"GDP_growth 2017; Pop. density 2018; GDP 2017; GDP_per.capita_2017; Forest%_2016"
"VUT","Vanuatu",NA,NA,NA,NA,NA,NA,NA,528,528,12575,NA,9,54,36.0951599671862,NA,23,28.9,3058.0656752208,917058850.816563,2.91056029749792,1.84759998321533,74.606,2834.92026389029,24.0098441345365,0.001701,0,"Unemployment_total 2010; Pop. density 2018; Income 2018; Forest%_2016"
"WLF","Wallis and Futuna",NA,NA,NA,NA,NA,NA,NA,0,0,181,NA,9,61,NA,NA,NA,NA,NA,NA,NA,NA,NA,NA,80,1,1,"Source of pop. density (2020): https://www.worldometers.info/world-population/wallis-and-futuna-islands-population/"
"WSM","Samoa",NA,NA,NA,NA,NA,NA,NA,238,238,2894,NA,9,61,60.4240282685512,NA,NA,NA,4315.92067469565,850655017.220488,3.4728781472578,14.4718999862671,81.944,3569.48523873444,69.3038869257951,0.95356,0.834675,"Unemployment_total 2017; Pop. density 2018; Income 2018; Forest%_2016; SPI=censored"
"YEM","Yemen",NA,NA,NA,NA,NA,NA,NA,3520,3520,455939,NA,142,145,1.03983180862549,NA,NA,NA,968.159047582999,27591261663.286,0.752598678967971,13.4671001434326,62.727,906.17297667894,53.9778529083092,NA,NA,"GDP_growth 2018; Unemployment_total 2014; Pop. density 2018; Income 2018; GDP 2018; GDP_per.capita_2018; Forest%_2016"
